[{"PatternName":"Calibration_K7U1_0","SignalNames":["A01","A02","A03","A04","A05","A06","A07","A08","A09","A10","A11","A12","A13","A14","A15","A16","A17","A18","A19","A20","A21","A22","A23","A24","A25","A26","A27","A28","A29","A30","A31","A32","A33","A34","A35","A36","A37","A38","A39","A40","A41","A42","A43","A44","A45","A46","A47","A48","A49","A50","A51","A52","A53","A54","A55","A56","A57","A58","A59","A60","A61","A62","A63","A64"],"GrabDeep":0,"DicCapInfo":{}},{"PatternName":"Calibration_K7U2_0","SignalNames":["A01","A02","A03","A04","A05","A06","A07","A08","A09","A10","A11","A12","A13","A14","A15","A16","A17","A18","A19","A20","A21","A22","A23","A24","A25","A26","A27","A28","A29","A30","A31","A32","A33","A34","A35","A36","A37","A38","A39","A40","A41","A42","A43","A44","A45","A46","A47","A48","A49","A50","A51","A52","A53","A54","A55","A56","A57","A58","A59","A60","A61","A62","A63","A64"],"GrabDeep":0,"DicCapInfo":{}},{"PatternName":"Calibration_K7U3_0","SignalNames":["A01","A02","A03","A04","A05","A06","A07","A08","A09","A10","A11","A12","A13","A14","A15","A16","A17","A18","A19","A20","A21","A22","A23","A24","A25","A26","A27","A28","A29","A30","A31","A32","A33","A34","A35","A36","A37","A38","A39","A40","A41","A42","A43","A44","A45","A46","A47","A48","A49","A50","A51","A52","A53","A54","A55","A56","A57","A58","A59","A60","A61","A62","A63","A64"],"GrabDeep":0,"DicCapInfo":{}},{"PatternName":"Calibration_K7U4_0","SignalNames":["A01","A02","A03","A04","A05","A06","A07","A08","A09","A10","A11","A12","A13","A14","A15","A16","A17","A18","A19","A20","A21","A22","A23","A24","A25","A26","A27","A28","A29","A30","A31","A32","A33","A34","A35","A36","A37","A38","A39","A40","A41","A42","A43","A44","A45","A46","A47","A48","A49","A50","A51","A52","A53","A54","A55","A56","A57","A58","A59","A60","A61","A62","A63","A64"],"GrabDeep":0,"DicCapInfo":{}},{"PatternName":"NOR_20_10M_50Ln_K7U1_0","SignalNames":["A01","A02"],"GrabDeep":0,"DicCapInfo":{}},{"PatternName":"NOR_20_10M_50Ln_K7U2_0","SignalNames":["A01","A02"],"GrabDeep":0,"DicCapInfo":{}},{"PatternName":"NOR_20_10M_50Ln_K7U3_0","SignalNames":["A01","A02"],"GrabDeep":0,"DicCapInfo":{}},{"PatternName":"NOR_20_10M_50Ln_K7U4_0","SignalNames":["A01","A02"],"GrabDeep":0,"DicCapInfo":{}},{"PatternName":"NOR_21_5M_28Ln_K7U1_0","SignalNames":["A01","A02"],"GrabDeep":0,"DicCapInfo":{}},{"PatternName":"NOR_21_5M_28Ln_K7U2_0","SignalNames":["A01","A02"],"GrabDeep":0,"DicCapInfo":{}},{"PatternName":"NOR_21_5M_28Ln_K7U3_0","SignalNames":["A01","A02"],"GrabDeep":0,"DicCapInfo":{}},{"PatternName":"NOR_21_5M_28Ln_K7U4_0","SignalNames":["A01","A02"],"GrabDeep":0,"DicCapInfo":{}},{"PatternName":"NOR_22_2M_24Ln_K7U1_0","SignalNames":["A01","A02"],"GrabDeep":0,"DicCapInfo":{}},{"PatternName":"NOR_22_2M_24Ln_K7U2_0","SignalNames":["A01","A02"],"GrabDeep":0,"DicCapInfo":{}},{"PatternName":"NOR_22_2M_24Ln_K7U3_0","SignalNames":["A01","A02"],"GrabDeep":0,"DicCapInfo":{}},{"PatternName":"NOR_22_2M_24Ln_K7U4_0","SignalNames":["A01","A02"],"GrabDeep":0,"DicCapInfo":{}},{"PatternName":"NOR_23_1M_24Ln_K7U1_0","SignalNames":["A01","A02"],"GrabDeep":0,"DicCapInfo":{}},{"PatternName":"NOR_23_1M_24Ln_K7U2_0","SignalNames":["A01","A02"],"GrabDeep":0,"DicCapInfo":{}},{"PatternName":"NOR_23_1M_24Ln_K7U3_0","SignalNames":["A01","A02"],"GrabDeep":0,"DicCapInfo":{}},{"PatternName":"NOR_23_1M_24Ln_K7U4_0","SignalNames":["A01","A02"],"GrabDeep":0,"DicCapInfo":{}},{"PatternName":"NOR_30_500K_71Ln_K7U1_0","SignalNames":["A01","A02"],"GrabDeep":0,"DicCapInfo":{}},{"PatternName":"NOR_30_500K_71Ln_K7U2_0","SignalNames":["A01","A02"],"GrabDeep":0,"DicCapInfo":{}},{"PatternName":"NOR_30_500K_71Ln_K7U3_0","SignalNames":["A01","A02"],"GrabDeep":0,"DicCapInfo":{}},{"PatternName":"NOR_30_500K_71Ln_K7U4_0","SignalNames":["A01","A02"],"GrabDeep":0,"DicCapInfo":{}},{"PatternName":"NOR_31_200K_90Ln_K7U1_0","SignalNames":["A01","A02"],"GrabDeep":0,"DicCapInfo":{}},{"PatternName":"NOR_31_200K_90Ln_K7U2_0","SignalNames":["A01","A02"],"GrabDeep":0,"DicCapInfo":{}},{"PatternName":"NOR_31_200K_90Ln_K7U3_0","SignalNames":["A01","A02"],"GrabDeep":0,"DicCapInfo":{}},{"PatternName":"NOR_31_200K_90Ln_K7U4_0","SignalNames":["A01","A02"],"GrabDeep":0,"DicCapInfo":{}},{"PatternName":"NOR_32_200K_70Ln_K7U1_0","SignalNames":["A01","A02"],"GrabDeep":0,"DicCapInfo":{}},{"PatternName":"NOR_32_200K_70Ln_K7U2_0","SignalNames":["A01","A02"],"GrabDeep":0,"DicCapInfo":{}},{"PatternName":"NOR_32_200K_70Ln_K7U3_0","SignalNames":["A01","A02"],"GrabDeep":0,"DicCapInfo":{}},{"PatternName":"NOR_32_200K_70Ln_K7U4_0","SignalNames":["A01","A02"],"GrabDeep":0,"DicCapInfo":{}},{"PatternName":"NOR_33_3M_70Ln_K7U1_0","SignalNames":["A01","A02"],"GrabDeep":0,"DicCapInfo":{}},{"PatternName":"NOR_33_3M_70Ln_K7U2_0","SignalNames":["A01","A02"],"GrabDeep":0,"DicCapInfo":{}},{"PatternName":"NOR_33_3M_70Ln_K7U3_0","SignalNames":["A01","A02"],"GrabDeep":0,"DicCapInfo":{}},{"PatternName":"NOR_33_3M_70Ln_K7U4_0","SignalNames":["A01","A02"],"GrabDeep":0,"DicCapInfo":{}},{"PatternName":"NOR_34_300K_70Ln_K7U1_0","SignalNames":["A01","A02"],"GrabDeep":0,"DicCapInfo":{}},{"PatternName":"NOR_34_300K_70Ln_K7U2_0","SignalNames":["A01","A02"],"GrabDeep":0,"DicCapInfo":{}},{"PatternName":"NOR_34_300K_70Ln_K7U3_0","SignalNames":["A01","A02"],"GrabDeep":0,"DicCapInfo":{}},{"PatternName":"NOR_34_300K_70Ln_K7U4_0","SignalNames":["A01","A02"],"GrabDeep":0,"DicCapInfo":{}},{"PatternName":"NOR_40_15M_7WLn_K7U1_0","SignalNames":["A01","A02"],"GrabDeep":0,"DicCapInfo":{}},{"PatternName":"NOR_40_15M_7WLn_K7U2_0","SignalNames":["A01","A02"],"GrabDeep":0,"DicCapInfo":{}},{"PatternName":"NOR_40_15M_7WLn_K7U3_0","SignalNames":["A01","A02"],"GrabDeep":0,"DicCapInfo":{}},{"PatternName":"NOR_40_15M_7WLn_K7U4_0","SignalNames":["A01","A02"],"GrabDeep":0,"DicCapInfo":{}},{"PatternName":"NOR_41_20M_7WLn_K7U1_0","SignalNames":["A01","A02"],"GrabDeep":0,"DicCapInfo":{}},{"PatternName":"NOR_41_20M_7WLn_K7U2_0","SignalNames":["A01","A02"],"GrabDeep":0,"DicCapInfo":{}},{"PatternName":"NOR_41_20M_7WLn_K7U3_0","SignalNames":["A01","A02"],"GrabDeep":0,"DicCapInfo":{}},{"PatternName":"NOR_41_20M_7WLn_K7U4_0","SignalNames":["A01","A02"],"GrabDeep":0,"DicCapInfo":{}},{"PatternName":"NOR_42_30M_37WLn_K7U1_0","SignalNames":["A01","A02"],"GrabDeep":0,"DicCapInfo":{}},{"PatternName":"NOR_42_30M_37WLn_K7U2_0","SignalNames":["A01","A02"],"GrabDeep":0,"DicCapInfo":{}},{"PatternName":"NOR_42_30M_37WLn_K7U3_0","SignalNames":["A01","A02"],"GrabDeep":0,"DicCapInfo":{}},{"PatternName":"NOR_42_30M_37WLn_K7U4_0","SignalNames":["A01","A02"],"GrabDeep":0,"DicCapInfo":{}},{"PatternName":"NOR_43_40M_7WLn_K7U1_0","SignalNames":["A01","A02"],"GrabDeep":0,"DicCapInfo":{}},{"PatternName":"NOR_43_40M_7WLn_K7U2_0","SignalNames":["A01","A02"],"GrabDeep":0,"DicCapInfo":{}},{"PatternName":"NOR_43_40M_7WLn_K7U3_0","SignalNames":["A01","A02"],"GrabDeep":0,"DicCapInfo":{}},{"PatternName":"NOR_43_40M_7WLn_K7U4_0","SignalNames":["A01","A02"],"GrabDeep":0,"DicCapInfo":{}},{"PatternName":"NOR_44_45M_7WLn_K7U1_0","SignalNames":["A01","A02"],"GrabDeep":0,"DicCapInfo":{}},{"PatternName":"NOR_44_45M_7WLn_K7U2_0","SignalNames":["A01","A02"],"GrabDeep":0,"DicCapInfo":{}},{"PatternName":"NOR_44_45M_7WLn_K7U3_0","SignalNames":["A01","A02"],"GrabDeep":0,"DicCapInfo":{}},{"PatternName":"NOR_44_45M_7WLn_K7U4_0","SignalNames":["A01","A02"],"GrabDeep":0,"DicCapInfo":{}},{"PatternName":"NOR_45_30M_12WLn_K7U1_0","SignalNames":["A01","A02"],"GrabDeep":0,"DicCapInfo":{}},{"PatternName":"NOR_45_30M_12WLn_K7U2_0","SignalNames":["A01","A02"],"GrabDeep":0,"DicCapInfo":{}},{"PatternName":"NOR_45_30M_12WLn_K7U3_0","SignalNames":["A01","A02"],"GrabDeep":0,"DicCapInfo":{}},{"PatternName":"NOR_45_30M_12WLn_K7U4_0","SignalNames":["A01","A02"],"GrabDeep":0,"DicCapInfo":{}},{"PatternName":"NOR_46_40M_40WLn_K7U1_0","SignalNames":["A01","A02"],"GrabDeep":0,"DicCapInfo":{}},{"PatternName":"NOR_46_40M_40WLn_K7U2_0","SignalNames":["A01","A02"],"GrabDeep":0,"DicCapInfo":{}},{"PatternName":"NOR_46_40M_40WLn_K7U3_0","SignalNames":["A01","A02"],"GrabDeep":0,"DicCapInfo":{}},{"PatternName":"NOR_46_40M_40WLn_K7U4_0","SignalNames":["A01","A02"],"GrabDeep":0,"DicCapInfo":{}},{"PatternName":"NOR_47_35M_21WLn_K7U1_0","SignalNames":["A01","A02"],"GrabDeep":0,"DicCapInfo":{}},{"PatternName":"NOR_47_35M_21WLn_K7U2_0","SignalNames":["A01","A02"],"GrabDeep":0,"DicCapInfo":{}},{"PatternName":"NOR_47_35M_21WLn_K7U3_0","SignalNames":["A01","A02"],"GrabDeep":0,"DicCapInfo":{}},{"PatternName":"NOR_47_35M_21WLn_K7U4_0","SignalNames":["A01","A02"],"GrabDeep":0,"DicCapInfo":{}},{"PatternName":"NOR_48_25M_7WLn_K7U1_0","SignalNames":["A01","A02"],"GrabDeep":0,"DicCapInfo":{}},{"PatternName":"NOR_48_25M_7WLn_K7U2_0","SignalNames":["A01","A02"],"GrabDeep":0,"DicCapInfo":{}},{"PatternName":"NOR_48_25M_7WLn_K7U3_0","SignalNames":["A01","A02"],"GrabDeep":0,"DicCapInfo":{}},{"PatternName":"NOR_48_25M_7WLn_K7U4_0","SignalNames":["A01","A02"],"GrabDeep":0,"DicCapInfo":{}},{"PatternName":"NOR_49_20M_37WLn_K7U1_0","SignalNames":["A01","A02"],"GrabDeep":0,"DicCapInfo":{}},{"PatternName":"NOR_49_20M_37WLn_K7U2_0","SignalNames":["A01","A02"],"GrabDeep":0,"DicCapInfo":{}},{"PatternName":"NOR_49_20M_37WLn_K7U3_0","SignalNames":["A01","A02"],"GrabDeep":0,"DicCapInfo":{}},{"PatternName":"NOR_49_20M_37WLn_K7U4_0","SignalNames":["A01","A02"],"GrabDeep":0,"DicCapInfo":{}},{"PatternName":"NOR_50_15M_7WLn_K7U1_0","SignalNames":["A01","A02"],"GrabDeep":0,"DicCapInfo":{}},{"PatternName":"NOR_50_15M_7WLn_K7U2_0","SignalNames":["A01","A02"],"GrabDeep":0,"DicCapInfo":{}},{"PatternName":"NOR_50_15M_7WLn_K7U3_0","SignalNames":["A01","A02"],"GrabDeep":0,"DicCapInfo":{}},{"PatternName":"NOR_50_15M_7WLn_K7U4_0","SignalNames":["A01","A02"],"GrabDeep":0,"DicCapInfo":{}},{"PatternName":"NOR_51_10M_7WLn_K7U1_0","SignalNames":["A01","A02"],"GrabDeep":0,"DicCapInfo":{}},{"PatternName":"NOR_51_10M_7WLn_K7U2_0","SignalNames":["A01","A02"],"GrabDeep":0,"DicCapInfo":{}},{"PatternName":"NOR_51_10M_7WLn_K7U3_0","SignalNames":["A01","A02"],"GrabDeep":0,"DicCapInfo":{}},{"PatternName":"NOR_51_10M_7WLn_K7U4_0","SignalNames":["A01","A02"],"GrabDeep":0,"DicCapInfo":{}},{"PatternName":"NOR_52_8M_37WLn_K7U1_0","SignalNames":["A01","A02"],"GrabDeep":0,"DicCapInfo":{}},{"PatternName":"NOR_52_8M_37WLn_K7U2_0","SignalNames":["A01","A02"],"GrabDeep":0,"DicCapInfo":{}},{"PatternName":"NOR_52_8M_37WLn_K7U3_0","SignalNames":["A01","A02"],"GrabDeep":0,"DicCapInfo":{}},{"PatternName":"NOR_52_8M_37WLn_K7U4_0","SignalNames":["A01","A02"],"GrabDeep":0,"DicCapInfo":{}},{"PatternName":"NOR_64pin_K7U1_0","SignalNames":["A01","A02","A03","A04","A05","A06","A07","A08","A09","A10","A11","A12","A13","A14","A15","A16","A17","A18","A19","A20","A21","A22","A23","A24","A25","A26","A27","A28","A29","A30","A31","A32","A33","A34","A35","A36","A37","A38","A39","A40","A41","A42","A43","A44","A45","A46","A47","A48","A49","A50","A51","A52","A53","A54","A55","A56","A57","A58","A59","A60","A61","A62","A63","A64"],"GrabDeep":0,"DicCapInfo":{}},{"PatternName":"NOR_64pin_K7U2_0","SignalNames":["A01","A02","A03","A04","A05","A06","A07","A08","A09","A10","A11","A12","A13","A14","A15","A16","A17","A18","A19","A20","A21","A22","A23","A24","A25","A26","A27","A28","A29","A30","A31","A32","A33","A34","A35","A36","A37","A38","A39","A40","A41","A42","A43","A44","A45","A46","A47","A48","A49","A50","A51","A52","A53","A54","A55","A56","A57","A58","A59","A60","A61","A62","A63","A64"],"GrabDeep":0,"DicCapInfo":{}},{"PatternName":"NOR_64pin_K7U3_0","SignalNames":["A01","A02","A03","A04","A05","A06","A07","A08","A09","A10","A11","A12","A13","A14","A15","A16","A17","A18","A19","A20","A21","A22","A23","A24","A25","A26","A27","A28","A29","A30","A31","A32","A33","A34","A35","A36","A37","A38","A39","A40","A41","A42","A43","A44","A45","A46","A47","A48","A49","A50","A51","A52","A53","A54","A55","A56","A57","A58","A59","A60","A61","A62","A63","A64"],"GrabDeep":0,"DicCapInfo":{}},{"PatternName":"NOR_64pin_K7U4_0","SignalNames":["A01","A02","A03","A04","A05","A06","A07","A08","A09","A10","A11","A12","A13","A14","A15","A16","A17","A18","A19","A20","A21","A22","A23","A24","A25","A26","A27","A28","A29","A30","A31","A32","A33","A34","A35","A36","A37","A38","A39","A40","A41","A42","A43","A44","A45","A46","A47","A48","A49","A50","A51","A52","A53","A54","A55","A56","A57","A58","A59","A60","A61","A62","A63","A64"],"GrabDeep":0,"DicCapInfo":{}},{"PatternName":"NOR_401_5M_4KLn_K7U1_0","SignalNames":["A01","A02"],"GrabDeep":0,"DicCapInfo":{}},{"PatternName":"NOR_401_5M_4KLn_K7U2_0","SignalNames":["A01","A02"],"GrabDeep":0,"DicCapInfo":{}},{"PatternName":"NOR_401_5M_4KLn_K7U3_0","SignalNames":["A01","A02"],"GrabDeep":0,"DicCapInfo":{}},{"PatternName":"NOR_401_5M_4KLn_K7U4_0","SignalNames":["A01","A02"],"GrabDeep":0,"DicCapInfo":{}},{"PatternName":"NOR_402_2M_4KLn_K7U1_0","SignalNames":["A01","A02"],"GrabDeep":0,"DicCapInfo":{}},{"PatternName":"NOR_402_2M_4KLn_K7U2_0","SignalNames":["A01","A02"],"GrabDeep":0,"DicCapInfo":{}},{"PatternName":"NOR_402_2M_4KLn_K7U3_0","SignalNames":["A01","A02"],"GrabDeep":0,"DicCapInfo":{}},{"PatternName":"NOR_402_2M_4KLn_K7U4_0","SignalNames":["A01","A02"],"GrabDeep":0,"DicCapInfo":{}},{"PatternName":"NOR_403_1M_4KLn_K7U1_0","SignalNames":["A01","A02"],"GrabDeep":0,"DicCapInfo":{}},{"PatternName":"NOR_403_1M_4KLn_K7U2_0","SignalNames":["A01","A02"],"GrabDeep":0,"DicCapInfo":{}},{"PatternName":"NOR_403_1M_4KLn_K7U3_0","SignalNames":["A01","A02"],"GrabDeep":0,"DicCapInfo":{}},{"PatternName":"NOR_403_1M_4KLn_K7U4_0","SignalNames":["A01","A02"],"GrabDeep":0,"DicCapInfo":{}},{"PatternName":"NOR_410_500K_4KLn_K7U1_0","SignalNames":["A01","A02"],"GrabDeep":0,"DicCapInfo":{}},{"PatternName":"NOR_410_500K_4KLn_K7U2_0","SignalNames":["A01","A02"],"GrabDeep":0,"DicCapInfo":{}},{"PatternName":"NOR_410_500K_4KLn_K7U3_0","SignalNames":["A01","A02"],"GrabDeep":0,"DicCapInfo":{}},{"PatternName":"NOR_410_500K_4KLn_K7U4_0","SignalNames":["A01","A02"],"GrabDeep":0,"DicCapInfo":{}},{"PatternName":"NOR_1010_200K_7KLn_K7U1_0","SignalNames":["A01","A02"],"GrabDeep":0,"DicCapInfo":{}},{"PatternName":"NOR_1010_200K_7KLn_K7U2_0","SignalNames":["A01","A02"],"GrabDeep":0,"DicCapInfo":{}},{"PatternName":"NOR_1010_200K_7KLn_K7U3_0","SignalNames":["A01","A02"],"GrabDeep":0,"DicCapInfo":{}},{"PatternName":"NOR_1010_200K_7KLn_K7U4_0","SignalNames":["A01","A02"],"GrabDeep":0,"DicCapInfo":{}},{"PatternName":"NOR_1011_40M_7KLn_K7U1_0","SignalNames":["A01","A02"],"GrabDeep":0,"DicCapInfo":{}},{"PatternName":"NOR_1011_40M_7KLn_K7U2_0","SignalNames":["A01","A02"],"GrabDeep":0,"DicCapInfo":{}},{"PatternName":"NOR_1011_40M_7KLn_K7U3_0","SignalNames":["A01","A02"],"GrabDeep":0,"DicCapInfo":{}},{"PatternName":"NOR_1011_40M_7KLn_K7U4_0","SignalNames":["A01","A02"],"GrabDeep":0,"DicCapInfo":{}},{"PatternName":"NOR_1012_20M_7KLn_K7U1_0","SignalNames":["A01","A02"],"GrabDeep":0,"DicCapInfo":{}},{"PatternName":"NOR_1012_20M_7KLn_K7U2_0","SignalNames":["A01","A02"],"GrabDeep":0,"DicCapInfo":{}},{"PatternName":"NOR_1012_20M_7KLn_K7U3_0","SignalNames":["A01","A02"],"GrabDeep":0,"DicCapInfo":{}},{"PatternName":"NOR_1012_20M_7KLn_K7U4_0","SignalNames":["A01","A02"],"GrabDeep":0,"DicCapInfo":{}},{"PatternName":"NOR_1025_10M_7KLn_K7U1_0","SignalNames":["A01","A02"],"GrabDeep":0,"DicCapInfo":{}},{"PatternName":"NOR_1025_10M_7KLn_K7U2_0","SignalNames":["A01","A02"],"GrabDeep":0,"DicCapInfo":{}},{"PatternName":"NOR_1025_10M_7KLn_K7U3_0","SignalNames":["A01","A02"],"GrabDeep":0,"DicCapInfo":{}},{"PatternName":"NOR_1025_10M_7KLn_K7U4_0","SignalNames":["A01","A02"],"GrabDeep":0,"DicCapInfo":{}},{"PatternName":"NOR_1026_200K_7KLn_K7U1_0","SignalNames":["A01","A02"],"GrabDeep":0,"DicCapInfo":{}},{"PatternName":"NOR_1026_200K_7KLn_K7U2_0","SignalNames":["A01","A02"],"GrabDeep":0,"DicCapInfo":{}},{"PatternName":"NOR_1026_200K_7KLn_K7U3_0","SignalNames":["A01","A02"],"GrabDeep":0,"DicCapInfo":{}},{"PatternName":"NOR_1026_200K_7KLn_K7U4_0","SignalNames":["A01","A02"],"GrabDeep":0,"DicCapInfo":{}},{"PatternName":"NOR_1027_200K_7KLn_K7U1_0","SignalNames":["A01","A02"],"GrabDeep":0,"DicCapInfo":{}},{"PatternName":"NOR_1027_200K_7KLn_K7U2_0","SignalNames":["A01","A02"],"GrabDeep":0,"DicCapInfo":{}},{"PatternName":"NOR_1027_200K_7KLn_K7U3_0","SignalNames":["A01","A02"],"GrabDeep":0,"DicCapInfo":{}},{"PatternName":"NOR_1027_200K_7KLn_K7U4_0","SignalNames":["A01","A02"],"GrabDeep":0,"DicCapInfo":{}},{"PatternName":"NOR_1031_45M_7KLn_K7U1_0","SignalNames":["A01","A02"],"GrabDeep":0,"DicCapInfo":{}},{"PatternName":"NOR_1031_45M_7KLn_K7U2_0","SignalNames":["A01","A02"],"GrabDeep":0,"DicCapInfo":{}},{"PatternName":"NOR_1031_45M_7KLn_K7U3_0","SignalNames":["A01","A02"],"GrabDeep":0,"DicCapInfo":{}},{"PatternName":"NOR_1031_45M_7KLn_K7U4_0","SignalNames":["A01","A02"],"GrabDeep":0,"DicCapInfo":{}},{"PatternName":"NOR_3000_40M_3KLn_K7U1_0","SignalNames":["A01","A02"],"GrabDeep":0,"DicCapInfo":{}},{"PatternName":"NOR_3000_40M_3KLn_K7U2_0","SignalNames":["A01","A02"],"GrabDeep":0,"DicCapInfo":{}},{"PatternName":"NOR_3000_40M_3KLn_K7U3_0","SignalNames":["A01","A02"],"GrabDeep":0,"DicCapInfo":{}},{"PatternName":"NOR_3000_40M_3KLn_K7U4_0","SignalNames":["A01","A02"],"GrabDeep":0,"DicCapInfo":{}},{"PatternName":"NOR_3001_200K_3KLn_K7U1_0","SignalNames":["A01","A02"],"GrabDeep":0,"DicCapInfo":{}},{"PatternName":"NOR_3001_200K_3KLn_K7U2_0","SignalNames":["A01","A02"],"GrabDeep":0,"DicCapInfo":{}},{"PatternName":"NOR_3001_200K_3KLn_K7U3_0","SignalNames":["A01","A02"],"GrabDeep":0,"DicCapInfo":{}},{"PatternName":"NOR_3001_200K_3KLn_K7U4_0","SignalNames":["A01","A02"],"GrabDeep":0,"DicCapInfo":{}},{"PatternName":"NOR_3002_5M_3KLn_K7U1_0","SignalNames":["A01","A02"],"GrabDeep":0,"DicCapInfo":{}},{"PatternName":"NOR_3002_5M_3KLn_K7U2_0","SignalNames":["A01","A02"],"GrabDeep":0,"DicCapInfo":{}},{"PatternName":"NOR_3002_5M_3KLn_K7U3_0","SignalNames":["A01","A02"],"GrabDeep":0,"DicCapInfo":{}},{"PatternName":"NOR_3002_5M_3KLn_K7U4_0","SignalNames":["A01","A02"],"GrabDeep":0,"DicCapInfo":{}},{"PatternName":"NOR_3003_10M_3KLn_K7U1_0","SignalNames":["A01","A02"],"GrabDeep":0,"DicCapInfo":{}},{"PatternName":"NOR_3003_10M_3KLn_K7U2_0","SignalNames":["A01","A02"],"GrabDeep":0,"DicCapInfo":{}},{"PatternName":"NOR_3003_10M_3KLn_K7U3_0","SignalNames":["A01","A02"],"GrabDeep":0,"DicCapInfo":{}},{"PatternName":"NOR_3003_10M_3KLn_K7U4_0","SignalNames":["A01","A02"],"GrabDeep":0,"DicCapInfo":{}},{"PatternName":"NOR_3006_1M_3KLn_K7U1_0","SignalNames":["A01","A02"],"GrabDeep":0,"DicCapInfo":{}},{"PatternName":"NOR_3006_1M_3KLn_K7U2_0","SignalNames":["A01","A02"],"GrabDeep":0,"DicCapInfo":{}},{"PatternName":"NOR_3006_1M_3KLn_K7U3_0","SignalNames":["A01","A02"],"GrabDeep":0,"DicCapInfo":{}},{"PatternName":"NOR_3006_1M_3KLn_K7U4_0","SignalNames":["A01","A02"],"GrabDeep":0,"DicCapInfo":{}},{"PatternName":"NOR_3007_20M_3KLn_K7U1_0","SignalNames":["A01","A02"],"GrabDeep":0,"DicCapInfo":{}},{"PatternName":"NOR_3007_20M_3KLn_K7U2_0","SignalNames":["A01","A02"],"GrabDeep":0,"DicCapInfo":{}},{"PatternName":"NOR_3007_20M_3KLn_K7U3_0","SignalNames":["A01","A02"],"GrabDeep":0,"DicCapInfo":{}},{"PatternName":"NOR_3007_20M_3KLn_K7U4_0","SignalNames":["A01","A02"],"GrabDeep":0,"DicCapInfo":{}},{"PatternName":"NOR_3008_30M_3KLn_K7U1_0","SignalNames":["A01","A02"],"GrabDeep":0,"DicCapInfo":{}},{"PatternName":"NOR_3008_30M_3KLn_K7U2_0","SignalNames":["A01","A02"],"GrabDeep":0,"DicCapInfo":{}},{"PatternName":"NOR_3008_30M_3KLn_K7U3_0","SignalNames":["A01","A02"],"GrabDeep":0,"DicCapInfo":{}},{"PatternName":"NOR_3008_30M_3KLn_K7U4_0","SignalNames":["A01","A02"],"GrabDeep":0,"DicCapInfo":{}},{"PatternName":"NOR_3010_15M_3KLn_K7U1_0","SignalNames":["A06","A07"],"GrabDeep":0,"DicCapInfo":{}},{"PatternName":"NOR_3010_15M_3KLn_K7U2_0","SignalNames":["A06","A07"],"GrabDeep":0,"DicCapInfo":{}},{"PatternName":"NOR_3010_15M_3KLn_K7U3_0","SignalNames":["A06","A07"],"GrabDeep":0,"DicCapInfo":{}},{"PatternName":"NOR_3010_15M_3KLn_K7U4_0","SignalNames":["A06","A07"],"GrabDeep":0,"DicCapInfo":{}},{"PatternName":"NOR_4011_25M_3KLn_K7U1_0","SignalNames":["A01","A02"],"GrabDeep":0,"DicCapInfo":{}},{"PatternName":"NOR_4011_25M_3KLn_K7U2_0","SignalNames":["A01","A02"],"GrabDeep":0,"DicCapInfo":{}},{"PatternName":"NOR_4011_25M_3KLn_K7U3_0","SignalNames":["A01","A02"],"GrabDeep":0,"DicCapInfo":{}},{"PatternName":"NOR_4011_25M_3KLn_K7U4_0","SignalNames":["A01","A02"],"GrabDeep":0,"DicCapInfo":{}},{"PatternName":"NOR_4013_200K_3KLn_K7U1_0","SignalNames":["A01","A02"],"GrabDeep":0,"DicCapInfo":{}},{"PatternName":"NOR_4013_200K_3KLn_K7U2_0","SignalNames":["A01","A02"],"GrabDeep":0,"DicCapInfo":{}},{"PatternName":"NOR_4013_200K_3KLn_K7U3_0","SignalNames":["A01","A02"],"GrabDeep":0,"DicCapInfo":{}},{"PatternName":"NOR_4013_200K_3KLn_K7U4_0","SignalNames":["A01","A02"],"GrabDeep":0,"DicCapInfo":{}},{"PatternName":"NOR_4096_20M_3KLn_K7U1_0","SignalNames":["A01","A02"],"GrabDeep":0,"DicCapInfo":{}},{"PatternName":"NOR_4096_20M_3KLn_K7U2_0","SignalNames":["A01","A02"],"GrabDeep":0,"DicCapInfo":{}},{"PatternName":"NOR_4096_20M_3KLn_K7U3_0","SignalNames":["A01","A02"],"GrabDeep":0,"DicCapInfo":{}},{"PatternName":"NOR_4096_20M_3KLn_K7U4_0","SignalNames":["A01","A02"],"GrabDeep":0,"DicCapInfo":{}},{"PatternName":"NOR_4097_8M_3KLn_K7U1_0","SignalNames":["A01","A02"],"GrabDeep":0,"DicCapInfo":{}},{"PatternName":"NOR_4097_8M_3KLn_K7U2_0","SignalNames":["A01","A02"],"GrabDeep":0,"DicCapInfo":{}},{"PatternName":"NOR_4097_8M_3KLn_K7U3_0","SignalNames":["A01","A02"],"GrabDeep":0,"DicCapInfo":{}},{"PatternName":"NOR_4097_8M_3KLn_K7U4_0","SignalNames":["A01","A02"],"GrabDeep":0,"DicCapInfo":{}},{"PatternName":"NOR_4098_500K_3KLn_K7U1_0","SignalNames":["A01","A02"],"GrabDeep":0,"DicCapInfo":{}},{"PatternName":"NOR_4098_500K_3KLn_K7U2_0","SignalNames":["A01","A02"],"GrabDeep":0,"DicCapInfo":{}},{"PatternName":"NOR_4098_500K_3KLn_K7U3_0","SignalNames":["A01","A02"],"GrabDeep":0,"DicCapInfo":{}},{"PatternName":"NOR_4098_500K_3KLn_K7U4_0","SignalNames":["A01","A02"],"GrabDeep":0,"DicCapInfo":{}},{"PatternName":"NOR_4099_200K_3KLn_K7U1_0","SignalNames":["A01","A02"],"GrabDeep":0,"DicCapInfo":{}},{"PatternName":"NOR_4099_200K_3KLn_K7U2_0","SignalNames":["A01","A02"],"GrabDeep":0,"DicCapInfo":{}},{"PatternName":"NOR_4099_200K_3KLn_K7U3_0","SignalNames":["A01","A02"],"GrabDeep":0,"DicCapInfo":{}},{"PatternName":"NOR_4099_200K_3KLn_K7U4_0","SignalNames":["A01","A02"],"GrabDeep":0,"DicCapInfo":{}},{"PatternName":"NOR_4100_5M_3KLn_K7U1_0","SignalNames":["A01","A02"],"GrabDeep":0,"DicCapInfo":{}},{"PatternName":"NOR_4100_5M_3KLn_K7U2_0","SignalNames":["A01","A02"],"GrabDeep":0,"DicCapInfo":{}},{"PatternName":"NOR_4100_5M_3KLn_K7U3_0","SignalNames":["A01","A02"],"GrabDeep":0,"DicCapInfo":{}},{"PatternName":"NOR_4100_5M_3KLn_K7U4_0","SignalNames":["A01","A02"],"GrabDeep":0,"DicCapInfo":{}},{"PatternName":"NOR_40101_2M_3KLn_K7U1_0","SignalNames":["A01","A02"],"GrabDeep":0,"DicCapInfo":{}},{"PatternName":"NOR_40101_2M_3KLn_K7U2_0","SignalNames":["A01","A02"],"GrabDeep":0,"DicCapInfo":{}},{"PatternName":"NOR_40101_2M_3KLn_K7U3_0","SignalNames":["A01","A02"],"GrabDeep":0,"DicCapInfo":{}},{"PatternName":"NOR_40101_2M_3KLn_K7U4_0","SignalNames":["A01","A02"],"GrabDeep":0,"DicCapInfo":{}},{"PatternName":"ram_5M_1KLn_K7U1_0","SignalNames":["A01","A02","A03","A04"],"GrabDeep":0,"DicCapInfo":{}},{"PatternName":"ram_5M_1KLn_K7U2_0","SignalNames":["A01","A02","A03","A04"],"GrabDeep":0,"DicCapInfo":{}},{"PatternName":"ram_5M_1KLn_K7U3_0","SignalNames":["A01","A02","A03","A04"],"GrabDeep":0,"DicCapInfo":{}},{"PatternName":"ram_5M_1KLn_K7U4_0","SignalNames":["A01","A02","A03","A04"],"GrabDeep":0,"DicCapInfo":{}},{"PatternName":"ram_20M_250Ln_K7U1_0","SignalNames":["A01","A02","A03","A04"],"GrabDeep":0,"DicCapInfo":{}},{"PatternName":"ram_20M_250Ln_K7U2_0","SignalNames":["A01","A02","A03","A04"],"GrabDeep":0,"DicCapInfo":{}},{"PatternName":"ram_20M_250Ln_K7U3_0","SignalNames":["A01","A02","A03","A04"],"GrabDeep":0,"DicCapInfo":{}},{"PatternName":"ram_20M_250Ln_K7U4_0","SignalNames":["A01","A02","A03","A04"],"GrabDeep":0,"DicCapInfo":{}},{"PatternName":"VT_PAT_K7U1_0","SignalNames":["A01","A02","A03","A04","A05","A06","A07","A08","A09","A10","A11","A12","A13","A14","A15","A16","A17","A18","A19","A20","A21","A22","A23","A24","A25","A26","A27","A28","A29","A30","A31","A32","A33","A34","A35","A36","A37","A38","A39","A40","A41","A42","A43","A44","A45","A46","A47","A48","A49","A50","A51","A52","A53","A54","A55","A56","A57","A58","A59","A60","A61","A62","A63","A64"],"GrabDeep":0,"DicCapInfo":{}},{"PatternName":"VT_PAT_K7U2_0","SignalNames":["A01","A02","A03","A04","A05","A06","A07","A08","A09","A10","A11","A12","A13","A14","A15","A16","A17","A18","A19","A20","A21","A22","A23","A24","A25","A26","A27","A28","A29","A30","A31","A32","A33","A34","A35","A36","A37","A38","A39","A40","A41","A42","A43","A44","A45","A46","A47","A48","A49","A50","A51","A52","A53","A54","A55","A56","A57","A58","A59","A60","A61","A62","A63","A64"],"GrabDeep":0,"DicCapInfo":{}},{"PatternName":"VT_PAT_K7U3_0","SignalNames":["A01","A02","A03","A04","A05","A06","A07","A08","A09","A10","A11","A12","A13","A14","A15","A16","A17","A18","A19","A20","A21","A22","A23","A24","A25","A26","A27","A28","A29","A30","A31","A32","A33","A34","A35","A36","A37","A38","A39","A40","A41","A42","A43","A44","A45","A46","A47","A48","A49","A50","A51","A52","A53","A54","A55","A56","A57","A58","A59","A60","A61","A62","A63","A64"],"GrabDeep":0,"DicCapInfo":{}},{"PatternName":"VT_PAT_K7U4_0","SignalNames":["A01","A02","A03","A04","A05","A06","A07","A08","A09","A10","A11","A12","A13","A14","A15","A16","A17","A18","A19","A20","A21","A22","A23","A24","A25","A26","A27","A28","A29","A30","A31","A32","A33","A34","A35","A36","A37","A38","A39","A40","A41","A42","A43","A44","A45","A46","A47","A48","A49","A50","A51","A52","A53","A54","A55","A56","A57","A58","A59","A60","A61","A62","A63","A64"],"GrabDeep":0,"DicCapInfo":{}}]